,網址
0,https://shop.7-11.com.tw/shop/rui005.faces?ID=620200000082
1,https://shop.7-11.com.tw/shop/rui005.faces?ID=220100007256
2,https://shop.7-11.com.tw/shop/rui005.faces?ID=211200019820
3,https://shop.7-11.com.tw/shop/rui005.faces?ID=211200005041
4,https://shop.7-11.com.tw/shop/rui005.faces?ID=211200005050
5,https://shop.7-11.com.tw/shop/rui005.faces?ID=211200005078
6,https://shop.7-11.com.tw/shop/rui005.faces?ID=211200005096
7,https://shop.7-11.com.tw/shop/rui005.faces?ID=211200004664
8,https://shop.7-11.com.tw/shop/rui005.faces?ID=211200000091
9,https://shop.7-11.com.tw/shop/rui005.faces?ID=211100001496
10,https://shop.7-11.com.tw/shop/rui005.faces?ID=211000006446
11,https://shop.7-11.com.tw/shop/rui005.faces?ID=210900001298
12,https://shop.7-11.com.tw/shop/rui005.faces?ID=210800021520
13,https://shop.7-11.com.tw/shop/rui005.faces?ID=210800021548
14,https://shop.7-11.com.tw/shop/rui005.faces?ID=210800020071
15,https://shop.7-11.com.tw/shop/rui005.faces?ID=210800018362
16,https://shop.7-11.com.tw/shop/rui005.faces?ID=210800009407
17,https://shop.7-11.com.tw/shop/rui005.faces?ID=210800009434
18,https://shop.7-11.com.tw/shop/rui005.faces?ID=210800008309
19,https://shop.7-11.com.tw/shop/rui005.faces?ID=210700017435
20,https://shop.7-11.com.tw/shop/rui005.faces?ID=210700007463
21,https://shop.7-11.com.tw/shop/rui005.faces?ID=210700007481
22,https://shop.7-11.com.tw/shop/rui005.faces?ID=210700004060
23,https://shop.7-11.com.tw/shop/rui005.faces?ID=210700004079
24,https://shop.7-11.com.tw/shop/rui005.faces?ID=210700004088
25,https://shop.7-11.com.tw/shop/rui005.faces?ID=210700004097
26,https://shop.7-11.com.tw/shop/rui005.faces?ID=210700004105
27,https://shop.7-11.com.tw/shop/rui005.faces?ID=210700004114
28,https://shop.7-11.com.tw/shop/rui005.faces?ID=210700004123
29,https://shop.7-11.com.tw/shop/rui005.faces?ID=210700001423
30,https://shop.7-11.com.tw/shop/rui005.faces?ID=210700001432
31,https://shop.7-11.com.tw/shop/rui005.faces?ID=210600018597
32,https://shop.7-11.com.tw/shop/rui005.faces?ID=210600018605
33,https://shop.7-11.com.tw/shop/rui005.faces?ID=210600018614
34,https://shop.7-11.com.tw/shop/rui005.faces?ID=210600012719
35,https://shop.7-11.com.tw/shop/rui005.faces?ID=210600012728
36,https://shop.7-11.com.tw/shop/rui005.faces?ID=210600012737
37,https://shop.7-11.com.tw/shop/rui005.faces?ID=210600012395
38,https://shop.7-11.com.tw/shop/rui005.faces?ID=210600012403
39,https://shop.7-11.com.tw/shop/rui005.faces?ID=210600012421
40,https://shop.7-11.com.tw/shop/rui005.faces?ID=210600012430
41,https://shop.7-11.com.tw/shop/rui005.faces?ID=210300014771
42,https://shop.7-11.com.tw/shop/rui005.faces?ID=210300014780
43,https://shop.7-11.com.tw/shop/rui005.faces?ID=210300014799
44,https://shop.7-11.com.tw/shop/rui005.faces?ID=210300014807
45,https://shop.7-11.com.tw/shop/rui005.faces?ID=210200004899
46,https://shop.7-11.com.tw/shop/rui005.faces?ID=200700080679
47,https://shop.7-11.com.tw/shop/rui005.faces?ID=200500134408
48,https://shop.7-11.com.tw/shop/rui005.faces?ID=200200134129
49,https://shop.7-11.com.tw/shop/rui005.faces?ID=191200034049
50,https://shop.7-11.com.tw/shop/rui005.faces?ID=191000049025
51,https://shop.7-11.com.tw/shop/rui005.faces?ID=190300114950
52,https://shop.7-11.com.tw/shop/rui005.faces?ID=190300077862
53,https://shop.7-11.com.tw/shop/rui005.faces?ID=181200059079
54,https://shop.7-11.com.tw/shop/rui005.faces?ID=181200059114
55,https://shop.7-11.com.tw/shop/rui005.faces?ID=180900014672
56,https://shop.7-11.com.tw/shop/rui005.faces?ID=180700000767
57,https://shop.7-11.com.tw/shop/rui005.faces?ID=180400035444
58,https://shop.7-11.com.tw/shop/rui005.faces?ID=161200183675
59,https://shop.7-11.com.tw/shop/rui005.faces?ID=160800149402
